uesio/core.recordid,uesio/core.fieldid,uesio/core.path
data-connectors,uesio/cms.content,3-guides/data-connectors/data-connectors.md
self-hosting-uesio,uesio/cms.content,3-guides/self-hosting-uesio.md
data-connectors,uesio/cms.content,3-guides/data-connectors/data-connectors.md
creating-custom-components,uesio/cms.content,3-guides/creating-custom-components/creating-custom-components.md
using-the-cli,uesio/cms.content,3-guides/using-the-cli.md
bots,uesio/cms.content,4-metadata-types/bots/bots.md
labels-and-translations,uesio/cms.content,4-metadata-types/labels-and-translations/labels-and-translations.md
labels-and-translations,,4-metadata-types/labels-and-translations/image4.png
labels-and-translations,,4-metadata-types/labels-and-translations/image1.png
labels-and-translations,,4-metadata-types/labels-and-translations/image2.png
labels-and-translations,,4-metadata-types/labels-and-translations/image3.png
components,uesio/cms.content,4-metadata-types/components/components.md
components,,4-metadata-types/components/image1.png
secrets-and-config-values,uesio/cms.content,4-metadata-types/secrets-and-config-values.md
files,uesio/cms.content,4-metadata-types/files/files.md
files,,4-metadata-types/files/image1.png
files,,4-metadata-types/files/image2.png
collections,,4-metadata-types/collections/image8.png
collections,,4-metadata-types/collections/image9.png
collections,uesio/cms.content,4-metadata-types/collections/collections.md
collections,,4-metadata-types/collections/image14.png
collections,,4-metadata-types/collections/image12.png
collections,,4-metadata-types/collections/image13.png
collections,,4-metadata-types/collections/image11.png
collections,,4-metadata-types/collections/image10.png
collections,,4-metadata-types/collections/image7.png
collections,,4-metadata-types/collections/image6.png
collections,,4-metadata-types/collections/image4.png
collections,,4-metadata-types/collections/image5.png
collections,,4-metadata-types/collections/image1.png
collections,,4-metadata-types/collections/image2.png
collections,,4-metadata-types/collections/image3.png
views,,4-metadata-types/views/image9.png
views,uesio/cms.content,4-metadata-types/views/views.md
views,,4-metadata-types/views/image12.png
views,,4-metadata-types/views/image11.png
views,,4-metadata-types/views/image10.png
views,,4-metadata-types/views/image7.png
views,,4-metadata-types/views/image6.png
views,,4-metadata-types/views/image4.png
views,,4-metadata-types/views/image5.png
views,,4-metadata-types/views/image1.png
views,,4-metadata-types/views/image2.png
views,,4-metadata-types/views/image3.png
routes,uesio/cms.content,4-metadata-types/routes/routes.md
routes,,4-metadata-types/routes/image1.png
routes,,4-metadata-types/routes/image2.png
profiles-and-permission-sets,uesio/cms.content,4-metadata-types/profiles-and-permission-sets/profiles-and-permission-sets.md
profiles-and-permission-sets,,4-metadata-types/profiles-and-permission-sets/image1.png
profiles-and-permission-sets,,4-metadata-types/profiles-and-permission-sets/image2.png
first-app,,1-getting-started/first-app/generatedlistview.png
first-app,,1-getting-started/first-app/suggestfieldsbutton.png
first-app,,1-getting-started/first-app/aigenerateddata.png
first-app,,1-getting-started/first-app/suggestfieldsoutput.png
first-app,,1-getting-started/first-app/createnewapp.png
first-app,uesio/cms.content,1-getting-started/first-app/first-app.md
first-app,,1-getting-started/first-app/createroute.png
first-app,,1-getting-started/first-app/listviewgeneratorparams.png
first-app,,1-getting-started/first-app/generatesampledata.png
first-app,,1-getting-started/first-app/routepreview.png
first-app,,1-getting-started/first-app/newappdialog.png
create-account,uesio/cms.content,1-getting-started/create-account.md
deploy-to-site,uesio/cms.content,1-getting-started/deploy-to-site.md
deploy-to-site,,1-getting-started/deploy-to-site/image8.png
deploy-to-site,,1-getting-started/deploy-to-site/image9.png
deploy-to-site,uesio/cms.content,1-getting-started/deploy-to-site/deploy-to-site.md
deploy-to-site,,1-getting-started/deploy-to-site/image12.png
deploy-to-site,,1-getting-started/deploy-to-site/image11.png
deploy-to-site,,1-getting-started/deploy-to-site/image10.png
deploy-to-site,,1-getting-started/deploy-to-site/image7.png
deploy-to-site,,1-getting-started/deploy-to-site/image6.png
deploy-to-site,,1-getting-started/deploy-to-site/sethomeroute.png
deploy-to-site,,1-getting-started/deploy-to-site/image5.png
deploy-to-site,,1-getting-started/deploy-to-site/image1.png
deploy-to-site,,1-getting-started/deploy-to-site/image2.png
deploy-to-site,,1-getting-started/deploy-to-site/image3.png
home,uesio/cms.content,1-getting-started/home.md
wires,uesio/cms.content,2-core-concepts/wires/wires.md
wires,,2-core-concepts/wires/image4.png
wires,,2-core-concepts/wires/image5.png
wires,,2-core-concepts/wires/image1.png
wires,,2-core-concepts/wires/image2.png
wires,,2-core-concepts/wires/image3.png
generators,uesio/cms.content,2-core-concepts/generators.md
signals,uesio/cms.content,2-core-concepts/signals/signals.md
declarative-app-development,uesio/cms.content,2-core-concepts/declarative-app-development/declarative-app-development.md
bundle-store,uesio/cms.content,2-core-concepts/bundle-store/bundle-store.md
bundle-store,,2-core-concepts/bundle-store/image1.png
bundle-store,,2-core-concepts/bundle-store/image2.png
bundle-store,,2-core-concepts/bundle-store/image3.png
workspaces,uesio/cms.content,2-core-concepts/workspaces/workspaces.md
workspaces,,2-core-concepts/workspaces/image4.png
workspaces,,2-core-concepts/workspaces/image5.png
workspaces,,2-core-concepts/workspaces/image1.png
workspaces,,2-core-concepts/workspaces/image2.png
workspaces,,2-core-concepts/workspaces/image3.png
teams,,2-core-concepts/teams/image1.png
teams,uesio/cms.content,2-core-concepts/teams/teams.md
teams,,2-core-concepts/teams/image2.png
deployment-and-bundles,uesio/cms.content,2-core-concepts/deployment-and-bundles.md
uesio-runtime,uesio/cms.content,2-core-concepts/uesio-runtime.md
uesio-security-model,uesio/cms.content,2-core-concepts/uesio-security-model.md
multi-tenant-apps,uesio/cms.content,2-core-concepts/multi-tenant-apps/multi-tenant-apps.md
