track,article,order
getting-started,home,0
getting-started,create-account,1
getting-started,first-app,2
getting-started,appkit-starter,3
getting-started,appkit-generators,4
getting-started,making-changes,5
getting-started,deploy-to-site,6
core-concepts,declarative-app-development,0
core-concepts,multi-tenant-apps,1
core-concepts,runtime,2
core-concepts,security-model,3
core-concepts,deployment-and-bundles,4
core-concepts,bundle-store,5
core-concepts,wires,6
core-concepts,signals,7
core-concepts,generators,8
core-concepts,workspaces,9
core-concepts,teams,10
guides,using-the-cli,0
guides,creating-custom-components,1
guides,self-hosting-uesio,2
guides,data-connectors,3
guides,ai-integration,4
metadata-types,collections,0
metadata-types,files,1
metadata-types,routes,2
metadata-types,views,3
metadata-types,components,4
metadata-types,labels-and-translations,5
metadata-types,secrets-and-config-values,6
metadata-types,profiles-and-permission-sets,7
metadata-types,bots,8
built-in-components,layout-components,0
crm,crm,0